D,m_p_sustain,f_nose,L_total,m_p_boost,m_p_terminal,F_boost,b_fin,c_r_fin,fineness,S_ref,m0_kg,range_km,mach_terminal,q_max_kPa,burnout_kg,x_cg_m,converged,feasible,geometry_measured,n_violations,violations,iterations,wall_time_s,message,margin_R3,margin_R6,margin_R7,margin_R8,margin_R9,margin_R10,margin_R11,margin_q_max,margin_grain
0.32,150.0,3.0,3.6,130.0,40.0,45000.0,0.23,0.34,11.25,0.0804247719318987,520.5859579810458,199.85762790521377,1.8025774329085755,230.4636903241972,200.58595798104582,1.9032447360384892,1,0,1,2,q_max|grain L/D upper,2,39.379,"converged: d_m0 0.00e+00, d_range 0.00e+00",0.08031,0.20172,0.28889,0.14286,0.52674,0.54144,0.13333,-0.15232,-0.11265
0.32,150.0,3.4,3.6,130.0,40.0,45000.0,0.23,0.34,11.25,0.0804247719318987,521.3882482770902,209.54828434734296,1.8654710748717114,246.8264467949835,201.38824827709024,1.9022221503613506,1,0,1,2,q_max|grain L/D upper,2,33.918,"converged: d_m0 0.00e+00, d_range 0.00e+00",0.13269,0.24365,0.28889,0.14286,0.52601,0.61384,0.13333,-0.23413,-0.11265
0.32,150.0,3.8,3.6,130.0,40.0,45000.0,0.23,0.34,11.25,0.0804247719318987,522.3409803051142,217.35467240229391,1.9264580385304277,263.22901582788285,202.3409803051141,1.90131800395769,1,0,1,2,q_max|grain L/D upper,2,36.939,"converged: d_m0 0.00e+00, d_range 0.00e+00",0.17489,0.28431,0.28889,0.14286,0.52514,0.69237,0.13333,-0.31615,-0.11265
0.32,172.0,3.0,3.6,130.0,40.0,45000.0,0.23,0.34,11.25,0.0804247719318987,545.1534305085183,217.6159691992012,1.7981021915027209,229.32077093406514,203.1534305085184,1.9186094388035762,1,0,1,2,q_max|grain L/D upper,2,51.596,"converged: d_m0 0.00e+00, d_range 0.00e+00",0.1763,0.19873,0.28889,0.14286,0.50441,0.52342,0.13333,-0.1466,-0.17922
0.32,172.0,3.4,3.6,130.0,40.0,45000.0,0.23,0.34,11.25,0.0804247719318987,545.9557208045628,227.8454088839196,1.851704201980231,243.19681145306828,203.9557208045628,1.9176102898139054,1,0,1,2,q_max|grain L/D upper,2,42.461,"converged: d_m0 0.00e+00, d_range 0.00e+00",0.2316,0.23447,0.28889,0.14286,0.50368,0.58383,0.13333,-0.21598,-0.17922
0.32,172.0,3.8,3.6,130.0,40.0,45000.0,0.23,0.34,11.25,0.0804247719318987,546.9084528325867,235.95391668437492,1.8942624329156428,254.504195010695,204.90845283258665,1.9167199516053564,1,0,1,2,q_max|grain L/D upper,2,35.697,"converged: d_m0 0.00e+00, d_range 0.00e+00",0.27543,0.26284,0.28889,0.14286,0.50281,0.64424,0.13333,-0.27252,-0.17922
0.32,200.0,3.0,3.6,130.0,40.0,45000.0,0.23,0.34,11.25,0.0804247719318987,576.4211228162108,238.6670183014374,1.782966239193809,225.47629609320492,206.4211228162107,1.9362703080850947,1,0,1,2,q_max|grain L/D upper,2,56.738,"converged: d_m0 0.00e+00, d_range 0.00e+00",0.29009,0.18864,0.28889,0.14286,0.47598,0.46823,0.13333,-0.12738,-0.26396
0.32,200.0,3.4,3.6,130.0,40.0,45000.0,0.23,0.34,11.25,0.0804247719318987,577.223413112255,249.58031390634744,1.8366243557928417,239.2518645204292,207.22341311225512,1.9353007350598541,1,0,1,2,q_max|grain L/D upper,2,35.114,"converged: d_m0 0.00e+00, d_range 0.00e+00",0.34908,0.22442,0.28889,0.14286,0.47525,0.52855,0.13333,-0.19626,-0.26396
0.32,200.0,3.8,3.6,130.0,40.0,45000.0,0.23,0.34,11.25,0.0804247719318987,578.176145140279,258.03457476726265,1.8705448657349677,248.17093171378104,208.17614514027898,1.9344293955033096,1,0,1,2,q_max|grain L/D upper,2,51.032,"converged: d_m0 0.00e+00, d_range 0.00e+00",0.39478,0.24703,0.28889,0.14286,0.47439,0.58889,0.13333,-0.24085,-0.26396
0.32,235.0,3.0,3.6,130.0,40.0,45000.0,0.23,0.34,11.25,0.0804247719318987,615.5057382008262,262.93668081002994,1.7699094179526098,222.18602168805916,210.50573820082607,1.9558230979232638,1,0,1,2,q_max|grain L/D upper,2,44.008,"converged: d_m0 0.00e+00, d_range 0.00e+00",0.42128,0.17994,0.28889,0.14286,0.44045,0.40713,0.13333,-0.11093,-0.36987
0.32,235.0,3.4,3.6,130.0,40.0,45000.0,0.23,0.34,11.25,0.0804247719318987,616.3080284968705,273.98509814406145,1.8203863589172293,235.04001022602625,211.3080284968705,1.95488955943628,1,0,1,2,q_max|grain L/D upper,2,37.07,"converged: d_m0 0.00e+00, d_range 0.00e+00",0.481,0.21359,0.28889,0.14286,0.43972,0.46733,0.13333,-0.1752,-0.36987
0.32,235.0,3.8,3.6,130.0,40.0,45000.0,0.23,0.34,11.25,0.0804247719318987,617.2607605248943,282.5534240280322,1.8493769861815152,242.58589767357975,212.26076052489435,1.9540431575917159,1,0,1,2,q_max|grain L/D upper,2,54.868,"converged: d_m0 0.00e+00, d_range 0.00e+00",0.52732,0.23292,0.28889,0.14286,0.43885,0.5276,0.13333,-0.21293,-0.36987
0.32,275.0,3.0,3.6,130.0,40.0,45000.0,0.23,0.34,11.25,0.0804247719318987,660.173870068958,287.05703777931734,1.7644705709722306,220.82258576502446,215.17387006895794,1.9753342195209376,1,0,1,2,q_max|grain L/D upper,2,36.011,"converged: d_m0 0.00e+00, d_range 0.00e+00",0.55166,0.17631,0.28889,0.14286,0.39984,0.34616,0.13333,-0.10411,-0.49092
0.32,275.0,3.4,3.6,130.0,40.0,45000.0,0.23,0.34,11.25,0.0804247719318987,660.9761603650023,297.4846148925878,1.7989630136331116,229.5403932092858,215.9761603650023,1.9744400861415503,1,0,1,2,q_max|grain L/D upper,2,57.734,"converged: d_m0 0.00e+00, d_range 0.00e+00",0.60802,0.19931,0.28889,0.14286,0.39911,0.40624,0.13333,-0.1477,-0.49092
0.32,275.0,3.8,3.6,130.0,40.0,45000.0,0.23,0.34,11.25,0.0804247719318987,661.9288923930262,305.29616210050756,1.8279234356393177,236.9903455994451,216.92889239302616,1.973622661391761,1,0,1,2,q_max|grain L/D upper,2,37.152,"converged: d_m0 0.00e+00, d_range 0.00e+00",0.65025,0.21862,0.28889,0.14286,0.39825,0.46642,0.13333,-0.18495,-0.49092
0.35,150.0,3.0,3.6,130.0,40.0,45000.0,0.23,0.34,10.285714285714286,0.0962112750161874,525.2748963840302,170.17260703531736,1.6393653677894278,190.61899033296177,205.27489638403023,1.8996117586360002,1,0,1,2,R3 range|R10 static margin,2,49.827,"converged: d_m0 0.00e+00, d_range 0.00e+00",-0.08015,0.09291,0.22222,0.14286,0.52248,-0.1139,0.1,0.04691,0.12471
0.35,150.0,3.4,3.6,130.0,40.0,45000.0,0.23,0.34,10.285714285714286,0.0962112750161874,526.7039655346993,178.24930207385714,1.679620457900253,200.09533511038117,206.7039655346992,1.8976925584518143,1,0,1,3,R3 range|R10 static margin|q_max,2,46.27,"converged: d_m0 0.00e+00, d_range 0.00e+00",-0.03649,0.11975,0.22222,0.14286,0.52118,-0.01798,0.1,-0.00048,0.12471
0.35,150.0,3.8,3.6,130.0,40.0,45000.0,0.23,0.34,10.285714285714286,0.0962112750161874,528.0432907881259,184.77392996139574,1.7138138827608924,208.3252758000276,208.0432907881259,1.8961556061602074,1,0,1,2,R3 range|q_max,2,35.95,"converged: d_m0 0.00e+00, d_range 0.00e+00",-0.00122,0.14254,0.22222,0.14286,0.51996,0.07408,0.1,-0.04163,0.12471
0.35,172.0,3.0,3.6,130.0,40.0,45000.0,0.23,0.34,10.285714285714286,0.0962112750161874,549.8423689115028,185.19056221768187,1.6329141687566118,189.12170182986972,207.84236891150277,1.9150077593305588,1,0,1,1,R10 static margin,2,57.944,"converged: d_m0 0.00e+00, d_range 0.00e+00",0.00103,0.08861,0.22222,0.14286,0.50014,-0.07192,0.1,0.05439,0.07434
0.35,172.0,3.4,3.6,130.0,40.0,45000.0,0.23,0.34,10.285714285714286,0.0962112750161874,551.2714380621717,193.79217255451442,1.670196640478615,197.8562911991944,209.2714380621717,1.9131341772329045,1,1,1,0,,2,37.058,"converged: d_m0 0.00e+00, d_range 0.00e+00",0.04753,0.11346,0.22222,0.14286,0.49884,0.01965,0.1,0.01072,0.07434
0.35,172.0,3.8,3.6,130.0,40.0,45000.0,0.23,0.34,10.285714285714286,0.0962112750161874,552.6107633155984,200.72616128230362,1.7072059330209615,206.72189391258772,210.61076331559843,1.9116281285797103,1,0,1,1,q_max,2,36.438,"converged: d_m0 0.00e+00, d_range 0.00e+00",0.08501,0.13814,0.22222,0.14286,0.49763,0.09852,0.1,-0.03361,0.07434
0.35,200.0,3.0,3.6,130.0,40.0,45000.0,0.23,0.34,10.285714285714286,0.0962112750161874,581.110061219195,203.4369685568163,1.629343709186654,188.2955553423804,211.11006121919505,1.9327199192011384,1,0,1,1,R10 static margin,2,61.329,"converged: d_m0 0.00e+00, d_range 0.00e+00",0.09966,0.08623,0.22222,0.14286,0.47172,-0.03151,0.1,0.05852,0.01022
0.35,200.0,3.4,3.6,130.0,40.0,45000.0,0.23,0.34,10.285714285714286,0.0962112750161874,582.5391303698641,212.5375796397223,1.66470800940422,196.55802989192145,212.53913036986398,1.9309034503265192,1,1,1,0,,2,36.0,"converged: d_m0 0.00e+00, d_range 0.00e+00",0.14885,0.10981,0.22222,0.14286,0.47042,0.06068,0.1,0.01721,0.01022
0.35,200.0,3.8,3.6,130.0,40.0,45000.0,0.23,0.34,10.285714285714286,0.0962112750161874,583.8784556232907,219.96272003727182,1.700613540113931,205.1284590452066,213.8784556232907,1.9294372932457495,1,0,1,1,q_max,2,58.91,"converged: d_m0 0.00e+00, d_range 0.00e+00",0.18899,0.13374,0.22222,0.14286,0.4692,0.14262,0.1,-0.02564,0.01022
0.35,235.0,3.0,3.6,130.0,40.0,45000.0,0.23,0.34,10.285714285714286,0.0962112750161874,620.1946766038104,224.70968874103806,1.6191538114428545,185.94772334058402,215.19467660381048,1.9523486267448502,1,0,1,1,grain L/D upper,2,36.578,"converged: d_m0 0.00e+00, d_range 0.00e+00",0.21465,0.07944,0.22222,0.14286,0.43619,0.02513,0.1,0.07026,-0.06992
0.35,235.0,3.4,3.6,130.0,40.0,45000.0,0.23,0.34,10.285714285714286,0.0962112750161874,621.6237457544794,234.26561505998356,1.6608930181081698,195.65816284235373,216.62374575447944,1.9506012434017896,1,0,1,1,grain L/D upper,2,41.007,"converged: d_m0 0.00e+00, d_range 0.00e+00",0.2663,0.10726,0.22222,0.14286,0.43489,0.11231,0.1,0.02171,-0.06992
0.35,235.0,3.8,3.6,130.0,40.0,45000.0,0.23,0.34,10.285714285714286,0.0962112750161874,622.9630710079061,241.8807800369877,1.6857676905426433,201.56267073868125,217.96307100790614,1.9491847239886944,1,0,1,2,q_max|grain L/D upper,2,54.304,"converged: d_m0 0.00e+00, d_range 0.00e+00",0.30746,0.12385,0.22222,0.14286,0.43367,0.19187,0.1,-0.00781,-0.06992
0.35,275.0,3.0,3.6,130.0,40.0,45000.0,0.23,0.34,10.285714285714286,0.0962112750161874,664.8628084719423,246.8760718416049,1.6182825184358776,185.74765419529163,219.86280847194234,1.9719555751636557,1,0,1,1,grain L/D upper,2,38.535,"converged: d_m0 0.00e+00, d_range 0.00e+00",0.33447,0.07886,0.22222,0.14286,0.39558,0.02448,0.1,0.07126,-0.16151
0.35,275.0,3.4,3.6,130.0,40.0,45000.0,0.23,0.34,10.285714285714286,0.0962112750161874,666.2918776226113,256.3901564102554,1.654737475456393,194.21056768209627,221.29187762261128,1.9702832830323416,1,0,1,1,grain L/D upper,2,60.148,"converged: d_m0 0.00e+00, d_range 0.00e+00",0.38589,0.10316,0.22222,0.14286,0.39428,0.09075,0.1,0.02895,-0.16151
0.35,275.0,3.8,3.6,130.0,40.0,45000.0,0.23,0.34,10.285714285714286,0.0962112750161874,667.631202876038,263.8652928590763,1.674070626295199,198.77520263605007,222.631202876038,1.9689220525617994,1,0,1,1,grain L/D upper,2,38.182,"converged: d_m0 0.00e+00, d_range 0.00e+00",0.4263,0.11605,0.22222,0.14286,0.39306,0.15483,0.1,0.00612,-0.16151
0.38,150.0,3.0,3.6,130.0,40.0,45000.0,0.23,0.34,9.473684210526315,0.11341149479459153,530.9324087150248,142.70125029149946,1.4678355918309778,152.81622980381476,210.9324087150248,1.8945638544274737,1,0,1,3,R3 range|R6 terminal Mach|R10 static margin,2,38.598,"converged: d_m0 0.00e+00, d_range 0.00e+00",-0.22864,-0.02144,0.15556,0.14286,0.51733,-0.68494,0.06667,0.23592,0.29362
0.38,150.0,3.4,3.6,130.0,40.0,45000.0,0.23,0.34,9.473684210526315,0.11341149479459153,532.0914553784784,149.12649754303067,1.4979900783200308,159.15948537198983,212.0914553784783,1.893429607283958,1,0,1,3,R3 range|R6 terminal Mach|R10 static margin,2,54.413,"converged: d_m0 0.00e+00, d_range 0.00e+00",-0.19391,-0.00134,0.15556,0.14286,0.51628,-0.55699,0.06667,0.2042,0.29362
0.38,150.0,3.8,3.6,130.0,40.0,45000.0,0.23,0.34,9.473684210526315,0.11341149479459153,533.3170693520008,154.55404775085594,1.5258958993906535,165.14463302373574,213.31706935200077,1.8931413299322066,1,0,1,2,R3 range|R10 static margin,2,32.664,"converged: d_m0 0.00e+00, d_range 0.00e+00",-0.16457,0.01726,0.15556,0.14286,0.51517,-0.47229,0.06667,0.17428,0.29362
0.38,172.0,3.0,3.6,130.0,40.0,45000.0,0.23,0.34,9.473684210526315,0.11341149479459153,555.4998812424974,155.23132133427362,1.4652685562842112,152.28218951869437,213.49988124249734,1.9100263019124517,1,0,1,3,R3 range|R6 terminal Mach|R10 static margin,2,55.231,"converged: d_m0 0.00e+00, d_range 0.00e+00",-0.16091,-0.02315,0.15556,0.14286,0.495,-0.63606,0.06667,0.23859,0.25458
0.38,172.0,3.4,3.6,130.0,40.0,45000.0,0.23,0.34,9.473684210526315,0.11341149479459153,556.6589279059508,162.15758213113102,1.4945120468218598,158.42127077108026,214.6589279059508,1.908909918288002,1,0,1,3,R3 range|R6 terminal Mach|R10 static margin,2,41.675,"converged: d_m0 0.00e+00, d_range 0.00e+00",-0.12347,-0.00366,0.15556,0.14286,0.49395,-0.51591,0.06667,0.20789,0.25458
0.38,172.0,3.8,3.6,130.0,40.0,45000.0,0.23,0.34,9.473684210526315,0.11341149479459153,557.8845418794733,167.78390376080287,1.526123879516279,165.19398436777698,215.8845418794733,1.9086003271362268,1,0,1,2,R3 range|R10 static margin,2,34.437,"converged: d_m0 0.00e+00, d_range 0.00e+00",-0.09306,0.01742,0.15556,0.14286,0.49283,-0.43432,0.06667,0.17403,0.25458
0.38,200.0,3.0,3.6,130.0,40.0,45000.0,0.23,0.34,9.473684210526315,0.11341149479459153,586.7675735501897,170.34382087317738,1.4619459461673259,151.59234918423064,216.76757355018964,1.9278331362630488,1,0,1,3,R3 range|R6 terminal Mach|R10 static margin,2,55.654,"converged: d_m0 0.00e+00, d_range 0.00e+00",-0.07922,-0.02537,0.15556,0.14286,0.46657,-0.57691,0.06667,0.24204,0.20491
0.38,200.0,3.4,3.6,130.0,40.0,45000.0,0.23,0.34,9.473684210526315,0.11341149479459153,587.9266202136431,177.87129765323922,1.4925536466346747,158.0063541157098,217.92662021364313,1.9267410206122455,1,0,1,3,R3 range|R6 terminal Mach|R10 static margin,2,34.248,"converged: d_m0 0.00e+00, d_range 0.00e+00",-0.03853,-0.00496,0.15556,0.14286,0.46552,-0.46108,0.06667,0.20997,0.20491
0.38,200.0,3.8,3.6,130.0,40.0,45000.0,0.23,0.34,9.473684210526315,0.11341149479459153,589.1522341871656,183.7681634247497,1.517332504895624,163.29623645934007,219.15223418716562,1.9264107661300265,1,0,1,2,R3 range|R10 static margin,2,47.075,"converged: d_m0 0.00e+00, d_range 0.00e+00",-0.00666,0.01156,0.15556,0.14286,0.46441,-0.37163,0.06667,0.18352,0.20491
0.38,235.0,3.0,3.6,130.0,40.0,45000.0,0.23,0.34,9.473684210526315,0.11341149479459153,625.852188934805,188.42269914806934,1.4591229480774388,151.007468826159,220.85218893480504,1.9475895870311946,1,0,1,2,R6 terminal Mach|R10 static margin,2,46.176,"converged: d_m0 0.00e+00, d_range 0.00e+00",0.0185,-0.02725,0.15556,0.14286,0.43104,-0.50644,0.06667,0.24496,0.14281
0.38,235.0,3.4,3.6,130.0,40.0,45000.0,0.23,0.34,9.473684210526315,0.11341149479459153,627.0112355982585,196.17119864126468,1.4906010249628534,157.59320338140535,222.0112355982585,1.9465290278672596,1,0,1,2,R6 terminal Mach|R10 static margin,2,34.405,"converged: d_m0 0.00e+00, d_range 0.00e+00",0.06038,-0.00627,0.15556,0.14286,0.42999,-0.39189,0.06667,0.21203,0.14281
0.38,235.0,3.8,3.6,130.0,40.0,45000.0,0.23,0.34,9.473684210526315,0.11341149479459153,628.236849571781,202.5244324337735,1.513814953828867,162.53999213565191,223.23684957178102,1.946180715563709,1,0,1,1,R10 static margin,2,58.574,"converged: d_m0 0.00e+00, d_range 0.00e+00",0.09473,0.00921,0.15556,0.14286,0.42888,-0.31201,0.06667,0.1873,0.14281
0.38,275.0,3.0,3.6,130.0,40.0,45000.0,0.23,0.34,9.473684210526315,0.11341149479459153,670.5203208029369,207.47562448693677,1.456214249622181,150.40601520127848,225.52032080293688,1.967348135420782,1,0,1,2,R6 terminal Mach|R10 static margin,2,35.64,"converged: d_m0 0.00e+00, d_range 0.00e+00",0.12149,-0.02919,0.15556,0.14286,0.39044,-0.43067,0.06667,0.24797,0.07184
0.38,275.0,3.4,3.6,130.0,40.0,45000.0,0.23,0.34,9.473684210526315,0.11341149479459153,671.6793674663904,215.65996133415922,1.4872864243824613,156.8931129629685,226.67936746639037,1.966324010481551,1,0,1,2,R6 terminal Mach|R10 static margin,2,42.555,"converged: d_m0 0.00e+00, d_range 0.00e+00",0.16573,-0.00848,0.15556,0.14286,0.38938,-0.3256,0.06667,0.21553,0.07184
0.38,275.0,3.8,3.6,130.0,40.0,45000.0,0.23,0.34,9.473684210526315,0.11341149479459153,672.904981439913,222.15583238178255,1.5094556270551096,161.60520851240318,227.90498143991286,1.9659627653752547,1,0,1,1,R10 static margin,2,49.157,"converged: d_m0 0.00e+00, d_range 0.00e+00",0.20084,0.0063,0.15556,0.14286,0.38827,-0.24128,0.06667,0.19197,0.07184
