D,L_total,f_nose,m_p_sustain,m_p_boost,m_p_terminal,b_fin,c_r_fin,F_boost,fineness,S_ref,m0_kg,range_km,mach_terminal,q_max_kPa,burnout_kg,x_cg_m,converged,feasible,geometry_measured,n_violations,violations,iterations,wall_time_s,message,margin_R3,margin_R6,margin_R7,margin_R8,margin_R9,margin_R10,margin_R11,margin_q_max,margin_grain
0.3092206602923445,4.1535176879607105,2.9358326371044705,153.41221762298477,158.2785046385199,49.0294124202028,0.18940533845131907,0.428421071933423,45000.0,13.432212724834999,0.07509774350554138,563.6531909637699,216.19743261671073,1.9980273643534547,283.15061954028636,202.9330562820624,2.1683051933631816,1,0,0,2,q_max|grain L/D upper,2,4.424,"converged: d_m0 0.00e+00, d_range 0.00e+00",0.16863,0.33202,0.31284,0.01107,0.48759,0.36628,0.23552,-0.41575,-0.29294
0.34826988216692234,4.024168440614279,2.8355075344525815,171.24771982113262,148.03105008686836,27.886647573821033,0.23939942783847767,0.5183732105882859,45000.0,11.554741442401081,0.09526244399657806,557.9895129153762,182.7822808392611,1.430016894192907,171.66071686446494,210.82409543355413,2.116964163869902,1,0,0,2,R3 range|R6 terminal Mach,2,4.074,"converged: d_m0 0.00e+00, d_range 0.00e+00",-0.01199,-0.04666,0.22607,0.04186,0.49274,0.34588,0.08103,0.1417,0.06028
0.31008824220018577,3.5894104810042937,3.1592933773764695,233.81440934724478,100.04105854354111,42.00238188326563,0.20676822115736382,0.49776336781544267,45000.0,11.575448509547336,0.07551973888055882,577.9390460904214,253.89766067480411,1.8430617668431055,240.93197046527797,202.08119631636976,1.9519740244530337,1,0,0,2,q_max|grain L/D upper,2,6.186,"converged: d_m0 0.00e+00, d_range 0.00e+00",0.37242,0.22871,0.31092,0.14538,0.4746,0.19348,0.19597,-0.20466,-0.45673
0.34234466218177645,3.962505135516058,3.079159479004765,178.01156429994717,95.63250304783907,41.7105035558677,0.19246896449013146,0.41384555102993414,45000.0,11.574607619884743,0.09204856086113201,515.866811044987,177.37730733126247,1.6776804564472887,199.63337234083704,200.51224014133305,2.0541462163876294,1,0,0,1,R3 range,2,4.169,"converged: d_m0 0.00e+00, d_range 0.00e+00",-0.0412,0.11845,0.23923,0.05655,0.53103,0.0148,0.19191,0.00183,0.03322
0.30653045992459527,3.7259360877776375,3.5857031009890834,249.25174204583809,126.76719816372221,26.447163716402116,0.2447332735851574,0.35955051242396885,45000.0,12.155190347785327,0.07379673624661731,606.9973927667427,300.78909791389987,1.5999239169292374,181.55713198816844,204.53128884078026,2.019905195346932,1,0,0,1,grain L/D upper,2,5.849,"converged: d_m0 0.00e+00, d_range 0.00e+00",0.62589,0.06662,0.31882,0.11287,0.44818,0.81503,0.11556,0.09221,-0.55928
0.32158354478441353,3.827809204518469,3.1233962332357033,253.67090456533967,91.02623521297866,46.82360213485781,0.18605540742396307,0.39223299589722005,45000.0,11.90300084254807,0.08122271783321001,595.7872023258202,238.3166563806023,1.8460768115157657,241.72089120458512,204.26646041264416,2.050675552102242,1,0,0,3,R10 static margin|q_max|grain L/D upper,2,5.499,"converged: d_m0 0.00e+00, d_range 0.00e+00",0.2882,0.23072,0.28537,0.08862,0.45838,-0.02859,0.22923,-0.2086,-0.3777
0.32443198685318436,4.066741961933123,3.6523662404411374,161.4708325620783,183.84367010361865,40.961872145633016,0.23600131699619784,0.3471781373228163,45000.0,12.534959950707483,0.08266795869539093,594.1922465534159,239.2049249580391,1.8671025583048215,247.2583691718779,207.91587174208595,2.1482915270979057,1,0,0,2,q_max|grain L/D upper,2,4.566,"converged: d_m0 0.00e+00, d_range 0.00e+00",0.293,0.24474,0.27904,0.03173,0.45983,0.03174,0.11507,-0.23629,-0.18483
0.3337595287131496,3.95898069712314,2.8644847116230956,254.80791004450697,156.08935650865044,27.82757797400073,0.20907989683785683,0.451101074091379,45000.0,11.861775789256027,0.08748976064044123,653.9183082833417,261.91926838695383,1.4891416711642855,157.28477523118738,215.19346375618358,2.1354124892335284,1,0,0,2,R6 terminal Mach|grain L/D upper,2,5.883,"converged: d_m0 0.00e+00, d_range 0.00e+00",0.41578,-0.00724,0.25831,0.05739,0.40553,0.03295,0.16453,0.21358,-0.28459
0.39024186506219494,3.840045375346357,3.038104315864801,228.938593994864,178.59069211205286,50.096176809720205,0.22464564086570463,0.3244622652135793,45000.0,9.840167647657045,0.11960727569052751,679.5237524991207,187.05827538836618,1.4650778409147887,160.514182272924,221.89828958248376,2.0851356345732954,1,0,0,2,R6 terminal Mach|R10 static margin,2,3.788,"converged: d_m0 0.00e+00, d_range 0.00e+00",0.01113,-0.02328,0.1328,0.0857,0.38225,-1.85108,0.06719,0.19743,0.16828
0.3378624102531813,3.5409449004768376,3.1894181191433058,169.29634376966388,171.3254179073877,29.8148958966533,0.26371439379743344,0.4219923363057091,45000.0,10.480434617817908,0.08965399223901165,576.0954872764161,216.7637813422635,1.5458788100589336,208.47242817074914,205.6588297027112,1.9300320293766535,1,0,0,2,q_max|grain L/D upper,2,5.195,"converged: d_m0 0.00e+00, d_range 0.00e+00",0.1717,0.03059,0.24919,0.15692,0.47628,0.09498,0.03857,-0.04236,-0.04511
0.3819138943965205,3.742356783048578,3.426211659400856,179.61382736427294,151.37009978570404,23.844406212715423,0.23039219634470973,0.4448160158955829,45000.0,9.798954261567378,0.11455678025100574,566.2270516872063,172.01904617195274,1.3026051519955897,171.99775485442345,211.398718324514,1.99689108776573,1,0,0,3,R3 range|R6 terminal Mach|R10 static margin,2,4.839,"converged: d_m0 0.00e+00, d_range 0.00e+00",-0.07017,-0.1316,0.1513,0.10896,0.48525,-0.58976,0.06367,0.14001,0.24786
0.38722920594472077,3.8162466716335754,3.0024148708082756,211.94804732909543,161.04720850377015,23.20309848452943,0.19370522081034225,0.3513023274910577,45000.0,9.855265597343314,0.11776767267134185,609.5903288856947,178.94887812061944,1.2539653248036282,166.02174825687175,213.39197456829984,2.0427005838894594,1,0,0,3,R3 range|R6 terminal Mach|R10 static margin,2,5.521,"converged: d_m0 0.00e+00, d_range 0.00e+00",-0.03271,-0.16402,0.13949,0.09137,0.44583,-1.85719,0.13929,0.16989,0.21366
0.30243205435090326,3.8915113408078867,3.0635191687956667,236.5198628088187,94.16335138004443,47.903253242489725,0.2523797803308233,0.3270554417564586,45000.0,12.867390492585411,0.07183655886051882,580.3619418475531,248.3799496137601,1.934480942799678,265.4260620843553,201.77547441620027,2.074284336287995,1,0,0,2,q_max|grain L/D upper,2,6.432,"converged: d_m0 0.00e+00, d_range 0.00e+00",0.34259,0.28965,0.32793,0.07345,0.4724,1.14031,0.10312,-0.32713,-0.56675
0.3899191940800159,3.509519169573194,3.517590715780485,188.5512738481567,133.1555010883931,51.230559202273255,0.2732159272073329,0.3441611677177157,45000.0,9.000631984413161,0.11940956322059038,583.87076319482,160.61647619798427,1.5335264034302971,166.80043084708993,210.93342905599692,1.910187002617827,1,0,0,3,R3 range|R10 static margin|R11 fin span,2,5.27,"converged: d_m0 0.00e+00, d_range 0.00e+00",-0.1318,0.02235,0.13351,0.1644,0.46921,-0.60652,-0.04039,0.166,0.2635
0.33512871901993063,3.6296238767448035,2.8239763255357913,201.76873628869822,129.79899240653256,24.46245365150757,0.24919754702365346,0.3898994698411975,45000.0,10.830536658748557,0.08820905600705377,558.6281703985354,213.66033005223096,1.4281255234547159,144.65965143071034,202.5979880517972,1.95508768130896,1,0,0,2,R6 terminal Mach|grain L/D upper,2,5.088,"converged: d_m0 0.00e+00, d_range 0.00e+00",0.15492,-0.04792,0.25527,0.1358,0.49216,0.34073,0.07386,0.2767,-0.09614
0.34582015891691675,3.4388681552094598,2.982613459530028,142.13419186966462,123.92362821074776,53.40074455484256,0.22642802561550487,0.5075812263409412,45000.0,9.94409396485081,0.0939270091066775,519.394626787754,161.918732363859,1.8557102631287519,244.25023583627723,199.93606215249906,1.8571893660735115,1,0,0,3,R3 range|R10 static margin|q_max,2,3.201,"converged: d_m0 0.00e+00, d_range 0.00e+00",-0.12476,0.23714,0.23151,0.18122,0.52782,-0.01454,0.11258,-0.22125,0.09696
0.3751498467687847,3.6502003646206482,3.5488025201555278,194.33987072858025,111.98177447726275,45.569481888147614,0.2347854594675268,0.41783519314309225,45000.0,9.729979622970147,0.11053490139588494,560.48861511545,171.13050119839272,1.5813544921116893,177.3671246630943,208.59748802145933,1.9567862761231392,1,0,0,1,R3 range,2,3.628,"converged: d_m0 0.00e+00, d_range 0.00e+00",-0.07497,0.05424,0.16633,0.1309,0.49046,0.00402,0.06142,0.11316,0.19496
0.38311335970272337,3.9074976236137013,2.950332734328646,193.5954996058968,105.2138742935601,37.545558497645786,0.20406826790956806,0.4696951897681608,45000.0,10.199324885578832,0.1152774801800851,546.4937368026277,149.4796641026848,1.3970297334132298,138.42863972335937,210.13880440552504,2.0501657571352028,1,0,0,3,R3 range|R6 terminal Mach|R10 static margin,2,3.247,"converged: d_m0 0.00e+00, d_range 0.00e+00",-0.192,-0.06865,0.14864,0.06964,0.50319,-0.36714,0.12083,0.30786,0.25101
0.30382786611447826,3.482324405666763,3.330806690779506,182.63906114305829,113.54443189542908,48.73940529681049,0.2412799569139069,0.4775633948408769,45000.0,11.461504338626629,0.07250118220831599,543.1122554288453,237.2209917046854,2.079784889924865,306.7972692473555,198.1893570935475,1.894151557795007,1,0,0,2,q_max|grain L/D upper,2,4.502,"converged: d_m0 0.00e+00, d_range 0.00e+00",0.28228,0.38652,0.32483,0.17088,0.50626,0.64104,0.12624,-0.53399,-0.38338
0.3318119655405765,3.5211219784843144,3.251984230232812,216.1674668177577,168.256614891499,33.13960600006217,0.21144634041188995,0.3767152826844888,45000.0,10.611799284416476,0.08647169413733664,624.0176613921824,263.410295357634,1.6277128927959492,187.9188124861155,206.45397368286356,1.9385845266834203,1,0,0,2,R10 static margin|grain L/D upper,2,5.175,"converged: d_m0 0.00e+00, d_range 0.00e+00",0.42384,0.08514,0.26264,0.16164,0.43271,-0.34646,0.16144,0.06041,-0.22485
0.36217556666938266,3.7672740970772156,3.2840495422231406,243.54105937325266,138.49936669977032,22.241697156564143,0.27606217970250985,0.38326640394421785,45000.0,10.401789749986717,0.10302157330463091,619.1586382157288,221.20136074288627,1.3329999616504313,130.14613213665257,214.87651498614173,2.0388709970295684,1,0,0,2,R6 terminal Mach|R11 fin span,2,4.143,"converged: d_m0 0.00e+00, d_range 0.00e+00",0.19568,-0.11133,0.19517,0.10303,0.43713,0.15674,-0.01589,0.34927,0.01677
0.3439827936070127,3.983281077855384,3.350046457523237,187.51723580254745,181.93861119387913,34.187861466719816,0.18174804277067483,0.33690174569530307,45000.0,11.579884668318996,0.09293157975414318,612.9612106281389,231.45748857116826,1.5982193931630808,207.75707214992548,209.31750216499256,2.1165354007286306,1,0,0,3,R10 static margin|q_max|grain L/D upper,2,4.461,"converged: d_m0 0.00e+00, d_range 0.00e+00",0.25112,0.06548,0.23559,0.0516,0.44276,-1.31687,0.21391,-0.03879,-0.0582
0.39953058218431553,3.6079987230635564,3.1375871316417414,218.3499515450408,142.7643095253454,54.55863848878852,0.22224219814232693,0.40052824261926034,45000.0,9.030594612652399,0.1253689352962568,633.1576005745796,163.87326905933784,1.4554700829265779,150.25233101862213,217.48470101540485,1.971002827823913,1,0,0,3,R3 range|R6 terminal Mach|R10 static margin,2,3.196,"converged: d_m0 0.00e+00, d_range 0.00e+00",-0.1142,-0.02969,0.11215,0.14095,0.4244,-1.02184,0.06221,0.24874,0.25506
0.3927364252299664,3.4161454800483155,3.696520566625665,203.78562494227083,130.23193581433299,51.76282661800025,0.27206545839828083,0.44894935262734503,45000.0,8.698315869346713,0.12114130474520858,600.9718986611083,168.01627931758247,1.534987862573515,167.11850580458474,215.19151128650435,1.8840358429694746,1,0,0,3,R3 range|R10 static margin|R11 fin span,2,3.059,"converged: d_m0 0.00e+00, d_range 0.00e+00",-0.0918,0.02333,0.12725,0.18663,0.45366,-0.1067,-0.04096,0.16441,0.25425
0.35881921485145096,3.921083383019033,2.891263164832727,222.93541152176357,166.45967347330554,42.921379699043904,0.25578832954065384,0.43680364268162497,45000.0,10.927740825257471,0.10112097874983324,652.070895732297,210.9011121214035,1.5732960433480903,175.56403485914655,219.75443103818395,2.119342585318422,1,0,0,2,R10 static margin|grain L/D upper,2,3.988,"converged: d_m0 0.00e+00, d_range 0.00e+00",0.14001,0.04886,0.20262,0.06641,0.40721,-0.00096,0.03289,0.12218,-0.01214
0.3252511836249426,3.4630446858037147,3.3183558103663913,230.34824028657158,164.62345861843102,39.89814983548256,0.2679175064647058,0.3637020246875508,45000.0,10.647293108076928,0.08308596201465797,644.0363172444785,278.5700254871735,1.7728386605181412,222.92207667574422,209.16646850399337,1.927075599548023,1,0,0,2,q_max|grain L/D upper,2,5.059,"converged: d_m0 0.00e+00, d_range 0.00e+00",0.50578,0.18189,0.27722,0.17547,0.41451,0.26198,0.04324,-0.11461,-0.34246
0.35300395716419475,4.123661005453897,3.645952516300976,198.48390275490385,116.1521499740344,34.93315102133806,0.19823869104917846,0.5022880737738283,45000.0,11.681628270064506,0.09786987396743181,560.2540771425442,199.9190920736264,1.5676763128555988,174.31206389999758,210.6848733922679,2.1495832587701904,1,1,0,0,,2,4.197,"converged: d_m0 0.00e+00, d_range 0.00e+00",0.08064,0.04512,0.21555,0.01818,0.49068,0.02454,0.16724,0.12844,0.05462
0.3709230172557723,4.197772830701502,3.778256995159162,156.08494263956095,142.2361686127288,29.348063654492346,0.2776311647383183,0.3691301165562455,45000.0,11.31709987090637,0.10805813038012717,539.9227566086128,164.87312752383514,1.4148719915686938,169.1339490421392,212.25358170183077,2.1645109108360088,1,0,0,4,R3 range|R6 terminal Mach|R10 static margin|R11 fin span,2,3.753,"converged: d_m0 0.00e+00, d_range 0.00e+00",-0.10879,-0.05675,0.17573,0.00053,0.50916,-0.01065,-0.02909,0.15433,0.23652
0.3129309936548674,3.7828167628270846,3.607219656109245,212.87376521855077,99.64442364832894,25.6148722544269,0.19523927162389662,0.43473880314017344,45000.0,12.088341645695746,0.07691074880194007,536.2445094108666,251.3489491686097,1.5666863637717718,174.09198583563867,198.11144828956003,2.002021530861179,1,0,0,1,grain L/D upper,2,5.084,"converged: d_m0 0.00e+00, d_range 0.00e+00",0.35864,0.04446,0.3046,0.09933,0.5125,0.3305,0.21843,0.12954,-0.3171
0.31596449248285924,4.099558738848188,3.5515214970403743,165.5689202184463,172.870696551231,36.283206690723254,0.21862929235801906,0.3998570564432893,45000.0,12.974745062756016,0.07840909506994338,580.9212558940419,246.3057600355869,1.8076681258081138,231.76724212359886,206.1984324336414,2.1566721298509792,1,0,0,2,q_max|grain L/D upper,2,4.887,"converged: d_m0 0.00e+00, d_range 0.00e+00",0.33138,0.20511,0.29786,0.02391,0.47189,0.56206,0.16309,-0.15884,-0.25892
0.3640157825189492,4.001995001646991,3.7270616990549317,145.9432695479002,147.32349376775178,30.940374886580965,0.2531542147337671,0.4871672265540478,45000.0,10.994015078010149,0.10407113922183815,535.1456574027492,168.24572855883847,1.4747516464128476,183.5575082704926,210.93851920051634,2.089088191556136,1,0,0,2,R3 range|R6 terminal Mach,2,4.184,"converged: d_m0 0.00e+00, d_range 0.00e+00",-0.09056,-0.01683,0.19108,0.04714,0.5135,0.34457,0.03297,0.08221,0.21305
0.32896426590343564,3.4589226061539113,3.2072814536777914,147.69619098103902,121.02665761111064,31.44612525710746,0.26729774117366395,0.48320586127871656,45000.0,10.514584605883137,0.08499381651226975,497.7270276612426,186.73819215206242,1.6231980195151559,186.87777759334713,197.55805381198547,1.8576434601875436,1,0,0,1,grain L/D upper,2,3.474,"converged: d_m0 0.00e+00, d_range 0.00e+00",0.0094,0.08213,0.26897,0.17645,0.54752,0.6233,0.04049,0.06561,-0.00128
0.3743166995332767,4.0552936040288605,3.386518364442222,246.58659946731757,187.81165106792056,32.33876491995143,0.26057230705317364,0.5108206211472922,45000.0,10.833857022904066,0.11004448623108798,697.3414965067211,226.85682849416335,1.4138685990591913,167.5550183110862,230.60448105153156,2.195160322420791,1,0,0,1,R6 terminal Mach,2,4.814,"converged: d_m0 0.00e+00, d_range 0.00e+00",0.22625,-0.05742,0.16819,0.03445,0.36605,0.01788,0.00504,0.16222,0.04464
0.35029360206035365,3.7166480003482114,3.2316349988137727,175.49138973943965,152.71742322991219,52.87152492080411,0.2589436529122054,0.46193977173495593,45000.0,10.610093871220215,0.09637275888249332,592.5902231408021,195.4303148295032,1.841438886279192,240.50785915999597,211.50988525064622,2.0093058442657363,1,0,0,1,q_max,2,3.921,"converged: d_m0 0.00e+00, d_range 0.00e+00",0.05638,0.22763,0.22157,0.11508,0.46128,0.31823,0.03535,-0.20254,0.02466
0.36804011482715643,4.167999791108383,3.4090684926183057,226.82846731767825,118.1635784079293,38.56567682577008,0.20149673839926213,0.4722206382373276,45000.0,11.324851893022073,0.10638495064191648,600.320789571903,194.58439615045054,1.5191808737242278,163.69432391014107,216.76306702052543,2.18854842008965,1,0,0,1,R10 static margin,2,3.966,"converged: d_m0 0.00e+00, d_range 0.00e+00",0.05181,0.01279,0.18213,0.00762,0.45425,-0.16299,0.1433,0.18153,0.09273
0.3550355212640764,3.686544130675735,2.903726101788112,208.36213809968268,104.03592476939579,45.0297027783508,0.2129045071686703,0.37091779630230015,45000.0,10.383592372814082,0.09899961235140026,561.4262134734525,183.75803039463966,1.6337812128526648,189.32259467813952,203.99844782602324,1.9722288476157968,1,0,0,2,R3 range|R10 static margin,2,3.843,"converged: d_m0 0.00e+00, d_range 0.00e+00",-0.00671,0.08919,0.21103,0.12225,0.48961,-0.10553,0.13239,0.05339,0.04439
0.36705626320477297,4.113657318198803,3.4597413831300337,239.16530175420024,176.28879627130374,20.462480179350298,0.18255542240205136,0.33456526062878744,45000.0,11.20715740492318,0.1058169304550432,654.0300029289208,233.80315479264635,1.2987278645947744,173.066965588734,218.11342472406633,2.1866238964269713,1,0,0,2,R6 terminal Mach|R10 static margin,2,4.323,"converged: d_m0 0.00e+00, d_range 0.00e+00",0.2638,-0.13418,0.18432,0.02056,0.40543,-1.70607,0.18648,0.13467,0.02764
0.37776721073281083,3.563951715808521,3.487528654950547,159.49233617667906,107.52943153090085,37.285297002387864,0.22811338279872057,0.40861769921939833,45000.0,9.43425372703734,0.11208265254951029,506.06706602454364,147.63598758354956,1.4789703303645048,155.14349679523022,201.76000131457582,1.888108887829129,1,0,0,3,R3 range|R6 terminal Mach|R10 static margin,2,3.039,"converged: d_m0 0.00e+00, d_range 0.00e+00",-0.20197,-0.01402,0.16052,0.15144,0.53994,-0.16393,0.07334,0.22428,0.28347
0.3954918926110874,3.678106249607103,3.704706570248195,149.34258741910745,185.83635779745225,21.1062646624577,0.2452998949427953,0.4944054741321107,45000.0,9.300080022687144,0.12284714040485949,571.5570046419614,158.18963952913816,1.2399453744469302,236.42702477895625,215.27179476294398,1.9748338315151013,1,0,0,4,R3 range|R6 terminal Mach|R10 static margin|q_max,2,3.02,"converged: d_m0 0.00e+00, d_range 0.00e+00",-0.14492,-0.17337,0.12113,0.12426,0.4804,-0.87878,0.01545,-0.18214,0.33766
0.3180641410410081,3.8745188740693406,3.755935967546148,257.41302289868054,135.515446681934,44.152872685841956,0.2162672282504402,0.4593487548646498,45000.0,12.181564578101238,0.07945464640528177,650.1884069421866,296.4891345777996,1.9132619176165846,259.6351613340426,213.10706467573004,2.1004621692917027,1,0,0,2,q_max|grain L/D upper,2,5.536,"converged: d_m0 0.00e+00, d_range 0.00e+00",0.60264,0.27551,0.29319,0.0775,0.40892,0.3906,0.166,-0.29818,-0.48052
