time_s,range_m,altitude_m,V_mps,mach,mass_kg,gamma_deg,thrust_N,drag_N,q_Pa,alpha_deg,phase
0,0,10000,254.602,0.85,554.344,0,0,1473.69,13402.2,15,separation
0.76,192.739,9999.26,252.626,0.843396,554.344,-0.442731,0,1449.81,13196.3,15,separation
1.52,384.002,9997.02,251.077,0.838196,554.274,-0.887233,18963.4,1315.26,13038.5,15,boost
2.28,597.457,10000,311.462,1.03983,541.147,2.42004,47408.9,2178.56,20056.9,15,boost
3.04,856.473,10018.9,371.922,1.24202,527.869,5.8358,47411.3,3491.95,28532.9,15,boost
3.8,1159.19,10059.6,431.941,1.4433,514.591,9.41849,47416.6,4448.09,38291.6,15,boost
4.56,1503.23,10128.6,491.574,1.64422,501.313,13.2306,47425.5,5510.69,49172.3,15,boost
5.32,1885.23,10233,550.674,1.8447,488.035,17.3109,47438.8,6642.83,60912,15,boost
6.08,2304.77,10374.2,616.49,2.06945,474.757,18.9268,47456.5,2212.67,75010.9,0.988049,boost
6.84,2774.34,10531.9,687.311,2.31254,461.479,18.0636,47475.9,2612.94,91412.9,-2.81076,boost
7.6,3299.11,10695.4,759.435,2.56139,448.201,16.508,47495.6,3378.51,109333,-5.22388,boost
8.36,3882.26,10854.7,831.5,2.81108,434.923,13.9611,47514.4,4612.46,128457,-7.41513,boost
9.12,4524.77,10998.3,888.186,3.00916,424.231,11.3093,1663.47,5583.41,143922,-8.45065,sustain
9.88,5186.24,11119,881.878,2.98871,423.706,9.5282,1668.08,3770.33,139306,-4.89036,sustain
10.64,5846.64,11222.4,877.396,2.97352,423.181,8.33381,1671.96,3345.61,135670,-3.44079,sustain
11.4,6505.75,11313.2,873.554,2.9605,422.656,7.36378,1675.31,3159.39,132581,-2.63988,sustain
12.16,7163.47,11393.1,870.098,2.94879,422.131,6.52347,1678.22,3039.8,129891,-2.02571,sustain
12.92,7819.72,11463.8,866.931,2.93806,421.606,5.78208,1680.76,2952.27,127523,-1.47033,sustain
13.68,8474.49,11526.2,863.993,2.9281,421.081,5.12491,1682.99,2886.73,125424,-0.939978,sustain
14.44,9127.74,11581.4,861.239,2.91877,420.555,4.54186,1684.94,2838.4,123550,-0.425651,sustain
15.2,9779.46,11630.2,858.632,2.90993,420.03,4.0246,1686.64,2803.94,121866,0.0745761,sustain
15.96,10429.6,11673.3,856.141,2.90149,419.505,3.56584,1688.14,2780.33,120343,0.518127,sustain
16.72,11078.3,11711.3,853.741,2.89335,418.98,3.15908,1689.46,2764.37,118955,0.893987,sustain
17.48,11725.4,11744.9,851.414,2.88547,418.455,2.79852,1690.61,2753.69,117684,1.21577,sustain
18.24,12370.9,11774.7,849.146,2.87778,417.93,2.47896,1691.63,2746.59,116513,1.4933,sustain
19,13014.8,11800.9,846.927,2.87026,417.405,2.19579,1692.52,2741.88,115428,1.73401,sustain
19.76,13657.3,11824.1,844.748,2.86288,416.88,1.9449,1693.31,2738.72,114417,1.94372,sustain
20.52,14298.1,11844.6,842.604,2.85561,416.354,1.72261,1694,2736.48,113471,2.12707,sustain
21.28,14937.4,11862.7,840.489,2.84844,415.829,1.52569,1694.61,2734.72,112581,2.28785,sustain
22.04,15575.2,11878.7,838.399,2.84136,415.304,1.35125,1695.15,2733.16,111741,2.4292,sustain
22.8,16211.5,11892.8,836.332,2.83435,414.779,1.19673,1695.62,2731.56,110944,2.55375,sustain
23.56,16846.2,11905.3,834.284,2.82742,414.254,1.05986,1696.04,2729.81,110185,2.66371,sustain
24.32,17479.4,11916.4,832.256,2.82054,413.729,0.938632,1696.4,2727.79,109460,2.76098,sustain
25.08,18111,11926.1,830.243,2.81372,413.204,0.831257,1696.73,2725.47,108765,2.84716,sustain
25.84,18741.2,11934.7,828.247,2.80696,412.679,0.736154,1697.02,2722.81,108096,2.92365,sustain
26.6,19369.9,11942.3,826.265,2.80024,412.154,0.651924,1697.27,2719.81,107451,2.99164,sustain
27.36,19997,11949,824.298,2.79357,411.628,0.577325,1697.49,2716.47,106827,3.05219,sustain
28.12,20622.7,11955,822.343,2.78695,411.103,0.511256,1697.69,2712.79,106222,3.10618,sustain
28.88,21247,11960.2,820.402,2.78037,410.578,0.452743,1697.86,2708.81,105634,3.15442,sustain
29.64,21869.7,11964.9,818.473,2.77383,410.053,0.400923,1698.02,2704.54,105061,3.19758,sustain
30.4,22491,11968.9,816.557,2.76734,409.528,0.35503,1698.15,2700,104503,3.23628,sustain
31.16,23110.9,11972.6,814.652,2.76088,409.003,0.314387,1698.27,2695.22,103957,3.27103,sustain
31.92,23729.3,11975.8,812.76,2.75447,408.478,0.278394,1698.38,2690.22,103422,3.3023,sustain
32.68,24346.2,11978.6,810.878,2.74809,407.953,0.246519,1698.47,2685.03,102898,3.33051,sustain
33.44,24961.8,11981.1,809.009,2.74176,407.428,0.218292,1698.55,2679.67,102384,3.35599,sustain
34.2,25575.9,11983.3,807.151,2.73546,406.902,0.193294,1698.62,2674.15,101879,3.37908,sustain
34.96,26188.7,11985.2,805.303,2.7292,406.377,0.171158,1698.69,2668.5,101383,3.40004,sustain
35.72,26800,11986.9,803.467,2.72298,405.852,0.151555,1698.75,2662.73,100893,3.41912,sustain
36.48,27409.9,11988.5,801.642,2.71679,405.327,0.134195,1698.8,2656.87,100412,3.43654,sustain
37.24,28018.5,11989.8,799.828,2.71064,404.802,0.118823,1698.84,2650.92,99936.6,3.45248,sustain
38,28625.7,11991,798.025,2.70453,404.277,0.105211,1698.88,2644.89,99468,3.46711,sustain
38.76,29231.5,11992,796.232,2.69846,403.752,0.0931571,1698.91,2638.81,99005.3,3.48058,sustain
39.52,29835.9,11993,794.45,2.69242,403.227,0.0824833,1698.94,2632.68,98548.4,3.49302,sustain
40.28,30439,11993.8,792.679,2.68641,402.701,0.0730316,1698.97,2626.5,98096.8,3.50454,sustain
41.04,31040.8,11994.5,790.918,2.68045,402.176,0.0646623,1698.99,2620.3,97650.4,3.51525,sustain
41.8,31641.2,11995.1,789.168,2.67452,401.651,0.0572514,1699.02,2614.08,97209,3.52524,sustain
42.56,32240.3,11995.7,787.428,2.66862,401.126,0.0506893,1699.03,2607.83,96772.3,3.53458,sustain
43.32,32838.1,11996.2,785.699,2.66276,400.601,0.0448787,1699.05,2601.58,96340.1,3.54334,sustain
44.08,33434.6,11996.6,783.98,2.65693,400.076,0.0397337,1699.06,2595.32,95912.4,3.55159,sustain
44.84,34029.8,11997,782.271,2.65114,399.551,0.0351781,1699.08,2589.07,95488.9,3.55939,sustain
45.6,34623.7,11997.4,780.572,2.64538,399.026,0.0311443,1699.09,2582.82,95069.5,3.56677,sustain
46.36,35216.3,11997.7,778.884,2.63966,398.501,0.0275727,1699.1,2576.57,94654.2,3.57378,sustain
47.12,35807.6,11997.9,777.206,2.63397,397.975,0.0244103,1699.11,2570.34,94242.7,3.58047,sustain
47.88,36397.6,11998.2,775.537,2.62832,397.45,0.0216103,1699.12,2564.12,93835.1,3.58686,sustain
48.64,36986.4,11998.4,773.879,2.6227,396.925,0.0191311,1699.12,2557.92,93431.2,3.59299,sustain
49.4,37573.9,11998.6,772.231,2.61712,396.4,0.0169361,1699.13,2551.74,93030.9,3.59887,sustain
50.16,38160.2,11998.7,770.593,2.61156,395.875,0.0149926,1699.13,2545.58,92634.2,3.60454,sustain
50.92,38745.2,11998.9,768.964,2.60604,395.35,0.0132718,1699.14,2539.45,92241,3.61001,sustain
51.68,39329,11999,767.345,2.60056,394.825,0.0117483,1699.14,2533.34,91851.3,3.6153,sustain
52.44,39911.6,11999.1,765.736,2.59511,394.3,0.0103994,1699.15,2527.25,91464.9,3.62043,sustain
53.2,40492.9,11999.2,764.137,2.58969,393.775,0.0092052,1699.15,2521.19,91081.8,3.62541,sustain
53.96,41073.1,11999.3,762.548,2.5843,393.249,0.00814787,1699.15,2515.16,90702,3.63025,sustain
54.72,41652,11999.4,760.968,2.57894,392.724,0.00721178,1699.16,2509.16,90325.5,3.63497,sustain
55.48,42229.7,11999.5,759.398,2.57362,392.199,0.00638301,1699.16,2503.19,89952.1,3.63957,sustain
56.24,42806.3,11999.5,757.837,2.56833,391.674,0.00564928,1699.16,2497.25,89581.9,3.64407,sustain
57,43381.7,11999.6,756.286,2.56308,391.149,0.00499969,1699.16,2491.34,89214.8,3.64847,sustain
57.76,43955.8,11999.6,754.744,2.55785,390.624,0.00442459,1699.16,2485.46,88850.7,3.65277,sustain
58.52,44528.9,11999.7,753.211,2.55266,390.099,0.00391546,1699.16,2479.62,88489.7,3.65699,sustain
59.28,45100.7,11999.7,751.688,2.5475,389.574,0.00346472,1699.17,2473.8,88131.7,3.66113,sustain
60.04,45671.4,11999.7,750.174,2.54237,389.048,0.00306568,1699.17,2468.02,87776.6,3.66519,sustain
60.8,46241,11999.8,748.67,2.53727,388.523,0.00271242,1699.17,2462.27,87424.5,3.66918,sustain
61.56,46809.4,11999.8,747.175,2.5322,387.998,0.00239968,1699.17,2456.55,87075.3,3.6731,sustain
62.32,47376.7,11999.8,745.689,2.52716,387.473,0.00212283,1699.17,2450.87,86729,3.67695,sustain
63.08,47942.9,11999.8,744.212,2.52216,386.948,0.00187773,1699.17,2445.22,86385.5,3.68074,sustain
63.84,48507.9,11999.8,742.744,2.51718,386.423,0.00166076,1699.17,2439.6,86044.8,3.68447,sustain
64.6,49071.8,11999.9,741.285,2.51224,385.898,0.00146869,1699.17,2434.01,85706.9,3.68814,sustain
65.36,49634.7,11999.9,739.835,2.50732,385.373,0.00129865,1699.17,2428.46,85371.8,3.69176,sustain
66.12,50196.4,11999.9,738.394,2.50244,384.848,0.00114813,1699.17,2422.94,85039.4,3.69532,sustain
66.88,50757,11999.9,736.962,2.49759,384.322,0.00101488,1699.17,2417.45,84709.8,3.69882,sustain
67.64,51316.6,11999.9,735.539,2.49277,383.797,0.000896928,1699.17,2411.99,84382.8,3.70228,sustain
68.4,51875,11999.9,734.125,2.48797,383.272,0.000792511,1699.17,2406.57,84058.5,3.70568,sustain
69.16,52432.4,11999.9,732.719,2.48321,382.747,0.000700079,1699.17,2401.18,83736.9,3.70904,sustain
69.92,52988.8,11999.9,731.323,2.47848,382.222,0.000618256,1699.17,2395.82,83417.8,3.71234,sustain
70.68,53544.1,11999.9,729.935,2.47377,381.697,0.000545826,1699.17,2390.5,83101.4,3.7156,sustain
71.44,54098.3,11999.9,728.555,2.4691,381.172,0.00048171,1699.17,2385.2,82787.6,3.71881,sustain
72.2,54651.5,11999.9,727.184,2.46445,380.647,0.000424953,1699.17,2379.94,82476.3,3.72197,sustain
72.96,55203.6,11999.9,725.822,2.45984,380.122,0.000374712,1699.17,2374.71,82167.5,3.72509,sustain
73.72,55754.7,11999.9,724.469,2.45525,379.596,0.000330238,1699.17,2369.51,81861.3,3.72816,sustain
74.48,56304.8,12000,723.124,2.45069,379.071,0.00029087,1699.17,2364.34,81557.6,3.73118,sustain
75.24,56853.9,12000,721.787,2.44616,378.546,0.000256021,1699.17,2359.21,81256.3,3.73416,sustain
76,57401.9,12000,720.459,2.44166,378.021,0.000225173,1699.17,2354.1,80957.5,3.7371,sustain
76.76,57949,12000,719.139,2.43719,377.496,0.000197866,1699.17,2349.03,80661.1,3.73999,sustain
77.52,58495,12000,717.827,2.43274,376.971,0.000173693,1699.17,2343.98,80367.2,3.74284,sustain
78.28,59040.1,12000,716.524,2.42832,376.446,0.000152295,1699.17,2338.97,80075.6,3.74564,sustain
79.04,59584.1,12000,715.229,2.42394,375.921,0.000133353,1699.17,2333.99,79786.5,3.7484,sustain
79.8,60127.2,12000,713.943,2.41957,375.395,0.000116585,1699.17,2329.04,79499.6,3.75111,sustain
80.56,60669.3,12000,712.664,2.41524,374.87,0.000101742,1699.17,2324.12,79215.2,3.75378,sustain
81.32,61210.5,12000,711.394,2.41094,374.345,8.8602e-05,1699.17,2319.23,78933,3.75641,sustain
82.08,61750.7,12000,710.132,2.40666,373.82,7.69697e-05,1699.17,2314.37,78653.1,3.75899,sustain
82.84,62289.9,12000,708.878,2.40241,373.295,6.66719e-05,1699.17,2309.53,78375.6,3.76153,sustain
83.6,62828.1,12000,707.632,2.39819,372.77,5.75555e-05,1699.17,2304.73,78100.3,3.76402,sustain
84.36,63365.5,12000,706.393,2.39399,372.245,4.94847e-05,1699.17,2299.96,77827.2,3.76648,sustain
85.12,63901.9,12000,705.163,2.38982,371.72,4.23394e-05,1699.17,2295.22,77556.4,3.76889,sustain
85.88,64437.3,12000,703.941,2.38568,371.195,3.60133e-05,1699.17,2290.5,77287.7,3.77125,sustain
86.64,64971.9,12000,702.727,2.38156,370.669,3.04123e-05,1699.17,2285.82,77021.3,3.77357,sustain
87.4,65505.5,12000,701.52,2.37747,370.144,2.54532e-05,1699.17,2281.16,76757.1,3.77585,sustain
88.16,66038.2,12000,700.322,2.37341,369.619,2.10621e-05,1699.17,2276.53,76495,3.77809,sustain
88.92,66570,12000,699.131,2.36938,369.094,1.71739e-05,1699.17,2271.93,76235.1,3.78028,sustain
89.68,67100.9,12000,697.948,2.36537,368.569,1.37308e-05,1699.17,2267.36,75977.3,3.78243,sustain
90.44,67630.8,12000,696.772,2.36138,368.044,1.06817e-05,1699.17,2262.82,75721.6,3.78454,sustain
91.2,68159.9,12000,695.605,2.35743,367.519,7.98139e-06,1699.17,2258.3,75468,3.7866,sustain
91.96,68688.2,12000,694.445,2.35349,366.994,5.58973e-06,1699.17,2253.81,75216.5,3.78862,sustain
92.72,69215.5,12000,693.292,2.34959,366.469,3.47133e-06,1699.17,2249.35,74967,3.7906,sustain
93.48,69742,12000,692.147,2.34571,365.943,1.59482e-06,1699.17,2244.92,74719.6,3.79253,sustain
94.24,70267.6,12000,691.01,2.34185,365.418,-6.75707e-08,1699.17,2240.51,74474.3,3.79442,sustain
95,70792.3,12000,689.88,2.33802,364.893,-1.54041e-06,1699.17,2236.13,74230.9,3.79627,sustain
95.76,71316.2,12000,688.757,2.33422,364.368,-2.84543e-06,1699.17,2231.78,73989.6,3.79807,sustain
96.52,71839.2,12000,687.642,2.33044,363.843,-4.0019e-06,1699.17,2227.46,73750.2,3.79984,sustain
97.28,72361.4,12000,686.535,2.32669,363.318,-5.02685e-06,1699.17,2223.16,73512.8,3.80155,sustain
98.04,72882.8,12000,685.435,2.32296,362.793,-5.93398e-06,1699.17,2218.89,73277.4,3.8032,sustain
98.8,73403.3,12000,684.342,2.31926,362.268,-6.72793e-06,1699.17,2214.63,73043.9,3.8047,sustain
99.56,73923,12000,683.256,2.31558,361.742,-7.41715e-06,1699.17,2210.4,72812.3,3.80607,sustain
100.32,74441.8,12000,682.178,2.31192,361.217,-8.01341e-06,1699.17,2206.19,72582.7,3.80731,sustain
101.08,74959.9,12000,681.107,2.30829,360.692,-8.52818e-06,1699.17,2202,72355,3.80843,sustain
101.84,75477.1,12000,680.043,2.30469,360.167,-8.97185e-06,1699.17,2197.84,72129.1,3.80943,sustain
102.6,75993.5,12000,678.987,2.30111,359.642,-9.35365e-06,1699.17,2193.69,71905.2,3.81034,sustain
103.36,76509.2,12000,677.937,2.29755,359.117,-9.68172e-06,1699.17,2189.57,71683.1,3.81114,sustain
104.12,77024,12000,676.895,2.29402,358.592,-9.96325e-06,1699.17,2185.47,71462.9,3.81185,sustain
104.88,77538.1,12000,675.86,2.29051,358.067,-1.02046e-05,1699.17,2181.4,71244.5,3.81248,sustain
105.64,78051.3,12000,674.832,2.28703,357.542,-1.04112e-05,1699.17,2177.35,71027.9,3.81303,sustain
106.4,78563.8,12000,673.811,2.28357,357.016,-1.05881e-05,1699.17,2173.32,70813.2,3.81351,sustain
107.16,79075.5,12000,672.797,2.28013,356.491,-1.07395e-05,1699.17,2169.31,70600.3,3.81392,sustain
107.92,79586.5,12000,671.79,2.27672,355.966,-1.08692e-05,1699.17,2165.33,70389.1,3.81427,sustain
108.68,80096.6,12000,670.791,2.27333,355.441,-1.09805e-05,1699.17,2161.38,70179.8,3.81457,sustain
109.44,80606.1,12000,669.798,2.26997,354.916,-1.10763e-05,1699.17,2157.45,69972.2,3.81481,sustain
110.2,81114.7,12000,668.812,2.26662,354.391,-1.1159e-05,1699.17,2153.54,69766.3,3.815,sustain
110.96,81622.7,12000,667.833,2.26331,353.866,-1.1231e-05,1699.17,2149.66,69562.2,3.81516,sustain
111.72,82129.8,12000,666.861,2.26001,353.341,-1.12941e-05,1699.17,2145.8,69359.9,3.81527,sustain
112.48,82636.3,12000,665.895,2.25674,352.816,-1.135e-05,1699.17,2141.97,69159.2,3.81535,sustain
113.24,83142,12000,664.937,2.25349,352.29,-1.14002e-05,1699.17,2138.16,68960.2,3.81539,sustain
114,83647,12000,663.985,2.25027,351.765,-1.14458e-05,1699.17,2134.37,68763,3.81541,sustain
114.76,84151.3,12000,663.04,2.24706,351.24,-1.14881e-05,1699.17,2130.61,68567.4,3.81541,sustain
115.52,84654.8,12000,662.102,2.24388,350.715,-1.15279e-05,1699.17,2126.88,68373.4,3.81538,sustain
116.28,85157.7,12000,661.17,2.24073,350.19,-1.1566e-05,1699.17,2123.17,68181.1,3.81533,sustain
117.04,85659.8,12000,660.245,2.23759,349.665,-1.16031e-05,1699.17,2119.48,67990.5,3.81526,sustain
117.8,86161.2,12000,659.326,2.23448,349.14,-1.16397e-05,1699.17,2115.82,67801.5,3.81518,sustain
118.56,86662,12000,658.415,2.23139,348.615,-1.16765e-05,1699.17,2112.19,67614.1,3.81509,sustain
119.32,87162,12000,657.509,2.22832,348.089,-1.17137e-05,1699.17,2108.58,67428.2,3.81499,sustain
120.08,87661.4,12000,656.61,2.22527,347.564,-1.17517e-05,1699.17,2104.99,67244,3.81488,sustain
120.84,88160.1,12000,655.718,2.22225,347.039,-1.17908e-05,1699.17,2101.43,67061.4,3.81476,sustain
121.6,88658.1,12000,654.832,2.21925,346.514,-1.18312e-05,1699.17,2097.89,66880.3,3.81464,sustain
122.36,89155.4,12000,653.953,2.21627,345.989,-1.18731e-05,1699.17,2094.38,66700.7,3.81451,sustain
123.12,89652.1,12000,653.079,2.21331,345.464,-1.19166e-05,1699.17,2090.89,66522.7,3.81438,sustain
123.88,90148.1,12000,652.212,2.21037,344.939,-1.19618e-05,1699.17,2087.43,66346.2,3.81426,sustain
124.64,90643.4,12000,651.352,2.20745,344.414,-1.20088e-05,1699.17,2083.99,66171.3,3.81413,sustain
125.4,91138.2,12000,650.498,2.20456,343.889,-1.20577e-05,1699.17,2080.57,65997.8,3.814,sustain
126.16,91632.2,12000,649.649,2.20168,343.363,-1.21084e-05,1699.17,2077.18,65825.8,3.81388,sustain
126.92,92125.6,12000,648.808,2.19883,342.838,-1.2161e-05,1699.17,2073.81,65655.3,3.81375,sustain
127.68,92618.4,12000,647.972,2.196,342.313,-1.22155e-05,1699.17,2070.46,65486.3,3.81364,sustain
128.44,93110.5,12000,647.142,2.19319,341.788,-1.22717e-05,1699.17,2067.14,65318.7,3.81352,sustain
129.2,93602.1,12000,646.319,2.19039,341.263,-1.23297e-05,1699.17,2063.85,65152.6,3.81341,sustain
129.96,94092.9,12000,645.501,2.18762,340.738,-1.23894e-05,1699.17,2060.57,64987.9,3.81331,sustain
130.72,94583.2,12000,644.69,2.18487,340.213,-1.24508e-05,1699.17,2057.32,64824.6,3.81321,sustain
131.48,95072.9,12000,643.884,2.18214,339.688,-1.25138e-05,1699.17,2054.09,64662.7,3.81311,sustain
132.24,95561.9,12000,643.085,2.17943,339.163,-1.25783e-05,1699.17,2050.89,64502.2,3.81303,sustain
133,96050.4,12000,642.291,2.17675,338.637,-1.26442e-05,1699.17,2047.7,64343.1,3.81295,sustain
133.76,96538.2,12000,641.503,2.17408,338.112,-1.27115e-05,1699.17,2044.54,64185.4,3.81287,sustain
134.52,97025.5,12000,640.722,2.17143,337.587,-1.278e-05,1699.17,2041.41,64029,3.8128,sustain
135.28,97512.1,12000,639.946,2.1688,337.062,-1.28497e-05,1699.17,2038.29,63874,3.81274,sustain
136.04,97998.2,12000,639.175,2.16619,336.537,-1.29205e-05,1699.17,2035.2,63720.4,3.81268,sustain
136.8,98483.7,12000,638.411,2.16359,336.012,-1.29923e-05,1699.17,2032.13,63568,3.81263,sustain
137.56,98968.6,12000,637.652,2.16102,335.487,-1.3065e-05,1699.17,2029.08,63417,3.81259,sustain
138.32,99452.9,12000,636.899,2.15847,334.962,-1.31385e-05,1699.17,2026.05,63267.3,3.81255,sustain
139.08,99936.6,12000,636.152,2.15594,334.436,-1.32127e-05,1699.17,2023.05,63118.9,3.81251,sustain
139.84,100420,12000,635.41,2.15342,333.911,-1.32876e-05,1699.17,2020.07,62971.8,3.81248,sustain
140.6,100902,12000,634.674,2.15093,333.386,-1.3363e-05,1699.17,2017.1,62826,3.81246,sustain
141.36,101385,12000,633.943,2.14845,332.861,-1.34389e-05,1699.17,2014.16,62681.5,3.81244,sustain
142.12,101866,12000,633.218,2.146,332.336,-1.35152e-05,1699.17,2011.24,62538.2,3.81242,sustain
142.88,102347,12000,632.499,2.14356,331.811,-1.35917e-05,1699.17,2008.34,62396.1,3.8124,sustain
143.64,102827,12000,631.785,2.14114,331.286,-1.36685e-05,1699.17,2005.46,62255.3,3.81239,sustain
144.4,103307,12000,631.076,2.13874,330.761,-1.37454e-05,1699.17,2002.61,62115.8,3.81238,sustain
145.16,103787,12000,630.373,2.13635,330.236,-1.38223e-05,1699.17,1999.77,61977.4,3.81237,sustain
145.92,104266,12000,629.675,2.13399,329.71,-1.38992e-05,1699.17,1996.95,61840.3,3.81236,sustain
146.68,104744,12000,628.983,2.13164,329.185,-1.3976e-05,1699.17,1994.15,61704.4,3.81236,sustain
147.44,105222,12000,628.296,2.12932,328.66,-1.40526e-05,1699.17,1991.38,61569.7,3.81235,sustain
148.2,105699,12000,627.614,2.127,328.135,-1.41289e-05,1699.17,1988.62,61436.1,3.81234,sustain
148.96,106176,12000,626.938,2.12471,327.61,-1.4205e-05,1699.17,1985.88,61303.8,3.81233,sustain
149.72,106652,12000,626.267,2.12244,327.085,-1.42806e-05,1699.17,1983.16,61172.6,3.81232,sustain
150.48,107127,12000,625.601,2.12018,326.56,-1.43558e-05,1699.17,1980.46,61042.5,3.8123,sustain
151.24,107603,12000,624.94,2.11794,326.035,-1.44305e-05,1699.17,1977.78,60913.7,3.81228,sustain
152,108077,12000,624.284,2.11572,325.51,-1.45046e-05,1699.17,1975.12,60785.9,3.81226,sustain
152.76,108552,12000,623.634,2.11351,324.984,-1.46016e-05,1699.17,1972.5,60659.3,3.81269,sustain
153.52,109025,12000,622.988,2.11133,324.459,-1.48743e-05,1699.17,1969.94,60533.8,3.81392,sustain
154.28,109499,12000,622.347,2.10916,323.934,-1.51913e-05,1699.17,1967.4,60409.4,3.8151,sustain
155.04,109971,12000,621.712,2.107,323.409,-1.54898e-05,1699.17,1964.86,60286,3.81622,sustain
155.8,110444,12000,621.081,2.10486,322.884,-1.57578e-05,1699.17,1962.35,60163.8,3.8173,sustain
156.56,110915,12000,620.455,2.10274,322.359,-1.59952e-05,1699.17,1959.85,60042.6,3.81833,sustain
157.32,111387,12000,619.834,2.10064,321.834,-1.62046e-05,1699.17,1957.37,59922.4,3.8193,sustain
158.08,111857,12000,619.218,2.09855,321.309,-1.63888e-05,1699.17,1954.9,59803.3,3.82022,sustain
158.84,112328,12000,618.606,2.09648,320.783,-1.65507e-05,1699.17,1952.44,59685.3,3.82109,sustain
159.6,112798,12000,618,2.09442,320.258,-1.66927e-05,1699.17,1950,59568.3,3.82191,sustain
160.36,113267,12000,617.398,2.09238,319.733,-1.68171e-05,1699.17,1947.58,59452.4,3.82268,sustain
161.12,113736,12000,616.801,2.09036,319.208,-1.69258e-05,1699.17,1945.17,59337.4,3.8234,sustain
161.88,114205,12000,616.209,2.08835,318.683,-1.70204e-05,1699.17,1942.78,59223.5,3.82406,sustain
162.64,114673,12000,615.621,2.08636,318.158,-1.71026e-05,1699.17,1940.4,59110.6,3.82468,sustain
163.4,115140,12000,615.038,2.08438,317.633,-1.71738e-05,1699.17,1938.03,58998.7,3.82524,sustain
164.16,115608,12000,614.46,2.08242,317.108,-1.7235e-05,1699.17,1935.68,58887.8,3.82576,sustain
164.92,116074,12000,613.886,2.08048,316.583,-1.72873e-05,1699.17,1933.35,58778,3.82622,sustain
165.68,116541,12000,613.317,2.07855,316.057,-1.73317e-05,1699.17,1931.03,58669.1,3.82663,sustain
166.44,117007,12000,612.753,2.07664,315.532,-1.73691e-05,1699.17,1928.72,58561.2,3.82699,sustain
167.2,117472,12000,612.193,2.07474,315.007,-1.74001e-05,1699.17,1926.43,58454.2,3.8273,sustain
167.96,117937,12000,611.638,2.07286,314.482,-1.74253e-05,1699.17,1924.15,58348.3,3.82755,sustain
168.72,118402,12000,611.088,2.071,313.957,-1.74454e-05,1699.17,1921.88,58243.3,3.82776,sustain
169.48,118866,12000,610.542,2.06915,313.432,-1.74609e-05,1699.17,1919.64,58139.2,3.82791,sustain
170.24,119330,12000,610,2.06731,312.907,-1.74722e-05,1699.17,1917.4,58036.1,3.82802,sustain
171,119793,12000,609.463,2.06549,312.382,-1.74797e-05,1699.17,1915.18,57934,3.82807,sustain
171.76,120256,12000,608.931,2.06369,311.857,-1.74838e-05,1699.17,1912.97,57832.8,3.82808,sustain
172.52,120719,12000,608.403,2.0619,311.331,-1.74847e-05,1699.17,1910.78,57732.6,3.82803,sustain
173.28,121181,12000,607.879,2.06012,310.806,-1.74828e-05,1699.17,1908.6,57633.2,3.82793,sustain
174.04,121643,12000,607.36,2.05836,310.281,-1.74783e-05,1699.17,1906.43,57534.8,3.82778,sustain
174.8,122104,12000,606.845,2.05662,309.756,-1.74714e-05,1699.17,1904.28,57437.4,3.82758,sustain
175.56,122565,12000,606.335,2.05489,309.231,-1.74622e-05,1699.17,1902.14,57340.8,3.82733,sustain
176.32,123026,12000,605.829,2.05317,308.706,-1.74511e-05,1699.17,1900.01,57245.2,3.82703,sustain
177.08,123486,12000,605.327,2.05147,308.181,-1.7438e-05,1699.17,1897.9,57150.4,3.82668,sustain
177.84,123946,12000,604.83,2.04979,307.656,-1.74232e-05,1699.17,1895.8,57056.5,3.82628,sustain
178.6,124405,12000,604.337,2.04812,307.13,-1.74068e-05,1699.17,1893.72,56963.6,3.82583,sustain
179.36,124865,12000,603.849,2.04646,306.605,-1.73888e-05,1699.17,1891.64,56871.5,3.82533,sustain
180.12,125323,12000,603.364,2.04482,306.08,-1.73694e-05,1699.17,1889.59,56780.3,3.82478,sustain
180.88,125782,12000,602.884,2.04319,305.555,-1.73486e-05,1699.17,1887.54,56690,3.82418,sustain
181.64,126240,12000,602.408,2.04158,305.03,-1.73265e-05,1699.17,1885.51,56600.6,3.82353,sustain
182.4,126697,12000,601.937,2.03998,304.505,-1.73033e-05,1699.17,1883.49,56512,3.82283,sustain
183.16,127155,12000,601.469,2.0384,303.98,-1.72788e-05,1699.17,1881.48,56424.3,3.82208,sustain
183.92,127612,12000,601.006,2.03683,303.455,-1.72533e-05,1699.17,1879.49,56337.4,3.82128,sustain
184.68,128068,12000,600.547,2.03527,302.93,-1.72267e-05,1699.17,1877.51,56251.4,3.82043,sustain
185.44,128524,12000,600.092,2.03373,302.404,-1.71991e-05,1699.17,1875.54,56166.2,3.81953,sustain
186.2,128980,12000,599.642,2.03221,301.879,-1.71705e-05,1699.17,1873.59,56081.9,3.81858,sustain
186.96,129436,12000,599.195,2.03069,301.354,-1.71409e-05,1699.17,1871.65,55998.4,3.81758,sustain
187.72,129891,12000,598.753,2.02919,300.829,-1.71105e-05,1699.17,1869.72,55915.7,3.81653,sustain
188.48,130346,12000,598.315,2.02771,300.304,-1.70791e-05,1699.17,1867.8,55833.9,3.81544,sustain
189.24,130801,12000,597.88,2.02624,299.779,-1.70469e-05,1699.17,1865.9,55752.9,3.81429,sustain
190,131255,12000,597.45,2.02478,299.254,-1.70138e-05,1699.17,1864,55672.7,3.8131,sustain
190.76,131709,12000,597.024,2.02333,298.729,-1.69799e-05,1699.17,1862.13,55593.3,3.81186,sustain
191.52,132162,12000,596.602,2.0219,298.204,-1.69452e-05,1699.17,1860.26,55514.7,3.81057,sustain
192.28,132615,12000,596.184,2.02049,297.678,-1.69097e-05,1699.17,1858.41,55436.9,3.80923,sustain
193.04,133068,12000,595.77,2.01908,297.153,-1.68734e-05,1699.17,1856.56,55359.9,3.80784,sustain
193.8,133521,12000,595.359,2.01769,296.628,-1.68364e-05,1699.17,1854.73,55283.7,3.8064,sustain
194.56,133973,12000,594.953,2.01632,296.103,-1.67986e-05,1699.17,1852.92,55208.3,3.80492,sustain
195.32,134425,12000,594.551,2.01495,295.578,-1.67601e-05,1699.17,1851.11,55133.7,3.80339,sustain
196.08,134877,12000,594.153,2.0136,295.053,-1.67209e-05,1699.17,1849.32,55059.9,3.8018,sustain
196.84,135329,12000,593.758,2.01227,294.528,-1.66809e-05,1699.17,1847.54,54986.8,3.80018,sustain
197.6,135780,12000,593.368,2.01094,294.003,-1.66403e-05,1699.17,1845.77,54914.5,3.7985,sustain
198.36,136230,12000,592.981,2.00963,293.477,-1.65989e-05,1699.17,1844.01,54842.9,3.79678,sustain
199.12,136681,12000,592.598,2.00833,292.952,-1.65569e-05,1699.17,1842.26,54772.2,3.795,sustain
199.88,137131,12000,592.219,2.00705,292.427,-1.65142e-05,1699.17,1840.53,54702.1,3.79318,sustain
200.64,137581,12000,591.844,2.00578,291.902,-1.64708e-05,1699.17,1838.81,54632.8,3.79132,sustain
201.4,138031,12000,591.473,2.00452,291.377,-1.64268e-05,1699.17,1837.1,54564.3,3.78941,sustain
202.16,138480,12000,591.105,2.00327,290.852,-1.63821e-05,1699.17,1835.4,54496.5,3.78745,sustain
202.92,138929,12000,590.742,2.00204,290.327,-1.63368e-05,1699.17,1833.72,54429.5,3.78544,sustain
203.68,139378,12000,590.382,2.00082,289.802,-1.62908e-05,1699.17,1832.04,54363.1,3.78338,sustain
204.44,139827,12000,590.025,1.99961,289.277,-1.62442e-05,1699.17,1830.38,54297.5,3.78128,sustain
205.2,140275,12000,589.673,1.99842,288.751,-1.6197e-05,1699.17,1828.72,54232.7,3.77914,sustain
205.96,140723,12000,589.324,1.99724,288.226,-1.61492e-05,1699.17,1827.08,54168.5,3.77694,sustain
206.72,141171,12000,588.979,1.99607,287.701,-1.61008e-05,1699.17,1825.46,54105.1,3.77471,sustain
207.48,141618,12000,588.637,1.99491,287.176,-1.60517e-05,1699.17,1823.84,54042.4,3.77242,sustain
208.24,142065,12000,588.299,1.99377,286.651,-1.60021e-05,1699.17,1822.23,53980.4,3.77009,sustain
209,142512,12000,587.965,1.99263,286.126,-1.59519e-05,1699.17,1820.64,53919.1,3.76771,sustain
209.76,142959,12000,587.635,1.99151,285.601,-1.59011e-05,1699.17,1819.05,53858.4,3.76529,sustain
210.52,143406,12000,587.308,1.9904,285.076,-1.58497e-05,1699.17,1817.48,53798.5,3.76282,sustain
211.28,143852,12000,586.984,1.98931,284.551,-1.57978e-05,1699.17,1815.92,53739.3,3.76031,sustain
212.04,144298,12000,586.664,1.98822,284.025,-1.57453e-05,1699.17,1814.37,53680.8,3.75775,sustain
212.8,144744,12000,586.348,1.98715,283.5,-1.56923e-05,1699.17,1812.83,53622.9,3.75515,sustain
213.56,145189,12000,586.036,1.98609,282.975,-1.56387e-05,1699.17,1811.3,53565.7,3.7525,sustain
214.32,145634,12000,585.726,1.98505,282.45,-1.55846e-05,1699.17,1809.78,53509.2,3.74981,sustain
215.08,146079,12000,585.421,1.98401,281.925,-1.55299e-05,1699.17,1808.27,53453.4,3.74707,sustain
215.84,146524,12000,585.119,1.98299,281.4,-1.54747e-05,1699.17,1806.78,53398.2,3.74429,sustain
216.6,146969,12000,584.82,1.98197,280.875,-1.5419e-05,1699.17,1805.29,53343.7,3.74147,sustain
217.36,147413,12000,584.525,1.98097,280.35,-1.53628e-05,1699.17,1803.82,53289.9,3.7386,sustain
218.12,147857,12000,584.233,1.97998,279.824,-1.53061e-05,1699.17,1802.36,53236.7,3.73568,sustain
218.88,148301,12000,583.945,1.97901,279.299,-1.52489e-05,1699.17,1800.9,53184.2,3.73273,sustain
219.64,148745,12000,583.66,1.97804,278.774,-1.51912e-05,1699.17,1799.46,53132.3,3.72973,sustain
220.4,149188,12000,583.378,1.97709,278.249,-1.5133e-05,1699.17,1798.03,53081.1,3.72669,sustain
221.16,149632,12000,583.1,1.97614,277.724,-1.50743e-05,1699.17,1796.61,53030.5,3.7236,sustain
221.92,150075,12000,582.825,1.97521,277.199,-1.50152e-05,1699.17,1795.2,52980.5,3.72047,sustain
222.68,150517,12000,582.554,1.97429,276.674,-1.49556e-05,1699.17,1793.8,52931.2,3.7173,sustain
223.44,150960,12000,582.286,1.97339,276.149,-1.48956e-05,1699.17,1792.41,52882.5,3.71408,sustain
224.2,151403,12000,582.021,1.97249,275.624,-1.48351e-05,1699.17,1791.03,52834.4,3.71083,sustain
224.96,151845,12000,581.76,1.9716,275.098,-1.47742e-05,1699.17,1789.66,52786.9,3.70753,sustain
225.72,152287,12000,581.501,1.97073,274.573,-1.47128e-05,1699.17,1788.3,52740.1,3.70419,sustain
226.48,152729,12000,581.247,1.96986,274.048,-1.4651e-05,1699.17,1786.95,52693.9,3.7008,sustain
227.24,153170,12000,580.995,1.96901,273.523,-1.45888e-05,1699.17,1785.61,52648.3,3.69738,sustain
228,153612,12000,580.747,1.96817,272.998,-1.45262e-05,1699.17,1784.29,52603.2,3.69391,sustain
228.76,154053,12000,580.501,1.96734,272.473,-1.44632e-05,1699.17,1782.97,52558.8,3.6904,sustain
229.52,154494,12000,580.259,1.96652,271.948,-1.43998e-05,1699.17,1781.66,52515,3.68686,sustain
230.28,154935,12000,580.021,1.96571,271.423,-1.4336e-05,1699.17,1780.36,52471.8,3.68327,sustain
231.04,155376,12000,579.785,1.96491,270.898,-1.42719e-05,1699.17,1779.07,52429.2,3.67964,sustain
231.8,155816,12000,579.553,1.96412,270.372,-1.42073e-05,1699.17,1777.8,52387.2,3.67596,sustain
232.56,156257,12000,579.323,1.96335,269.847,-1.41424e-05,1699.17,1776.53,52345.8,3.67225,sustain
233.32,156697,12000,579.097,1.96258,269.322,-1.40771e-05,1699.17,1775.27,52304.9,3.6685,sustain
234.08,157137,12000,578.874,1.96182,268.797,-1.40115e-05,1699.17,1774.02,52264.6,3.66471,sustain
234.84,157577,12000,578.654,1.96108,268.272,-1.39456e-05,1699.17,1772.78,52224.9,3.66088,sustain
235.6,158016,12000,578.438,1.96034,267.747,-1.38793e-05,1699.17,1771.56,52185.8,3.65701,sustain
236.36,158456,12000,578.224,1.95962,267.222,-1.38127e-05,1699.17,1770.34,52147.2,3.6531,sustain
237.12,158895,12000,578.013,1.95891,266.697,-1.37458e-05,1699.17,1769.13,52109.3,3.64915,sustain
237.88,159335,11999.9,577.806,1.9582,266.171,-1.36785e-05,1699.17,1767.93,52071.8,3.64516,sustain
238.64,159774,11999.9,577.601,1.95751,265.646,-1.3611e-05,1699.17,1766.74,52034.9,3.64113,sustain
239.4,160213,11999.9,577.399,1.95682,265.121,-1.35431e-05,1699.17,1765.56,51998.6,3.63707,sustain
240.16,160651,11999.9,577.201,1.95615,264.596,-1.3475e-05,1699.17,1764.39,51962.9,3.63296,sustain
240.92,161090,11999.9,577.005,1.95549,264.071,-1.34066e-05,1699.17,1763.23,51927.6,3.62882,sustain
241.68,161528,11999.9,576.812,1.95484,263.546,-1.3338e-05,1699.17,1762.07,51893,3.62464,sustain
242.44,161967,11999.9,576.623,1.95419,263.021,-1.3269e-05,1699.17,1760.93,51858.8,3.62043,sustain
243.2,162405,11999.9,576.436,1.95356,262.496,-1.31998e-05,1699.17,1759.8,51825.3,3.61617,sustain
243.96,162843,11999.9,576.252,1.95294,261.971,-1.31304e-05,1699.17,1758.68,51792.2,3.61188,sustain
244.72,163281,11999.9,576.071,1.95232,261.445,-1.30607e-05,1699.17,1757.56,51759.7,3.60755,sustain
245.48,163718,11999.9,575.893,1.95172,260.92,-1.29908e-05,1699.17,1756.46,51727.7,3.60318,sustain
246.24,164156,11999.9,575.718,1.95113,260.395,-1.29207e-05,1699.17,1755.36,51696.2,3.59878,sustain
247,164594,11999.9,575.545,1.95054,259.87,-1.28504e-05,1699.17,1754.27,51665.3,3.59434,sustain
247.76,165031,11999.9,575.376,1.94997,259.345,-1.27798e-05,1699.17,1753.2,51634.8,3.58986,sustain
248.52,165468,11999.9,575.209,1.9494,258.82,-1.27091e-05,1699.17,1752.13,51604.9,3.58535,sustain
249.28,165905,11999.9,575.045,1.94885,258.295,-1.26382e-05,1699.17,1751.07,51575.5,3.5808,sustain
250.04,166342,11999.9,574.884,1.9483,257.77,-1.25671e-05,1699.17,1750.02,51546.7,3.57622,sustain
250.8,166779,11999.9,574.726,1.94777,257.245,-1.24958e-05,1699.17,1748.98,51518.3,3.5716,sustain
251.56,167216,11999.9,574.571,1.94724,256.719,-1.24243e-05,1699.17,1747.94,51490.4,3.56694,sustain
252.32,167652,11999.9,574.418,1.94672,256.194,-1.23527e-05,1699.17,1746.92,51463,3.56225,sustain
253.08,168089,11999.9,574.268,1.94621,255.669,-1.22809e-05,1699.17,1745.9,51436.2,3.55753,sustain
253.84,168525,11999.9,574.121,1.94571,255.144,-1.2209e-05,1699.17,1744.9,51409.8,3.55277,sustain
254.6,168962,11999.9,573.976,1.94522,254.619,-1.2137e-05,1699.17,1743.9,51383.9,3.54798,sustain
255.36,169398,11999.9,573.834,1.94474,254.094,-1.20648e-05,1699.17,1742.91,51358.5,3.54315,sustain
256.12,169834,11999.9,573.695,1.94427,253.569,-1.19925e-05,1699.17,1741.93,51333.6,3.53829,sustain
256.88,170270,11999.9,573.558,1.94381,253.044,-1.19201e-05,1699.17,1740.96,51309.2,3.53339,sustain
257.64,170706,11999.9,573.424,1.94335,252.518,-1.18476e-05,1699.17,1740,51285.2,3.52847,sustain
258.4,171139,11994.6,563.845,1.91089,252.338,-2.75061,0,5663.78,49627.4,-15,terminal
259.16,171560,11955,547.869,1.85675,252.338,-8.03783,0,5420.6,47147.8,-15,terminal
259.92,171963,11879.2,533.216,1.80708,252.338,-13.2523,0,5232.7,45194.4,-15,terminal
260.68,172348,11770.1,519.713,1.76132,252.338,-18.4185,0,5091.1,43676.5,-15,terminal
261.44,172712,11630.5,507.211,1.71896,252.338,-23.5572,0,4988.8,42523.3,-15,terminal
262.2,173054,11462.8,495.577,1.67953,252.338,-28.6858,0,4920.21,41678.4,-15,terminal
262.96,173373,11270.1,486.517,1.64882,252.338,-33.2369,0,2503.67,41403.6,-8.23171,terminal
263.72,173678,11063.2,484.892,1.64332,252.338,-34.6144,0,1786.78,42486.2,0.810266,terminal
264.48,173981,10853.2,483.562,1.63476,252.338,-34.9157,0,1913.62,43453,3.00982,terminal
265.24,174281,10643,481.951,1.62424,252.338,-34.9816,0,1985.36,44324.8,3.38011,terminal
266,174581,10433.3,480.168,1.61324,252.338,-34.996,0,2035.05,45170.1,3.41456,terminal
266.76,174879,10224.4,478.246,1.60187,252.338,-34.9991,0,2079.61,45991.7,3.38132,terminal
267.52,175176,10016.4,476.192,1.59017,252.338,-34.9998,0,2123.05,46788.5,3.33605,terminal
268.28,175472,9809.27,474.007,1.57813,252.338,-35,0,2166.18,47558.5,3.29058,terminal
269.04,175767,9603.14,471.693,1.56578,252.338,-35,0,2209.14,48299.5,3.24738,terminal
269.8,176059,9398.05,469.25,1.5531,252.338,-35,0,2251.91,49009.4,3.20695,terminal
270.56,176351,9194.05,466.678,1.54012,252.338,-35,0,2294.43,49685.8,3.16933,terminal
271.32,176640,8991.2,463.979,1.52682,252.338,-35,0,2336.64,50326.9,3.1345,terminal
272.08,176928,8789.56,461.154,1.51323,252.338,-35,0,2378.47,50930.4,3.10242,terminal
272.84,177215,8589.17,458.202,1.49933,252.338,-35,0,2419.87,51494.5,3.07304,terminal
273.6,177499,8390.1,455.127,1.48515,252.338,-35,0,2460.78,52017.3,3.04631,terminal
274.36,177781,8192.39,451.93,1.47069,252.338,-35,0,2501.15,52496.9,3.0222,terminal
275.12,178062,7996.1,448.612,1.45596,252.338,-35,0,2540.91,52931.8,3.00068,terminal
275.88,178340,7801.29,445.175,1.44095,252.338,-35,0,2580.03,53320.3,2.98171,terminal
276.64,178616,7608,441.621,1.42569,252.338,-35,0,2618.45,53661,2.96528,terminal
277.4,178890,7416.29,437.952,1.41019,252.338,-35,0,2656.14,53952.7,2.95136,terminal
278.16,179161,7226.2,434.172,1.39443,252.338,-35,0,2693.06,54194.1,2.93994,terminal
278.92,179430,7037.78,430.281,1.37845,252.338,-35,0,2729.2,54384.1,2.93102,terminal
279.68,179697,6851.08,426.282,1.36224,252.338,-35,0,2764.51,54521.9,2.92458,terminal
280.44,179961,6666.14,422.179,1.34582,252.338,-35,0,2799,54606.7,2.92063,terminal
281.2,180223,6483.02,417.973,1.32919,252.338,-35,0,2832.67,54637.8,2.91918,terminal
281.96,180481,6301.75,413.667,1.31237,252.338,-35,0,2865.52,54614.7,2.92026,terminal
282.72,180738,6122.39,409.262,1.29535,252.338,-35,0,2897.57,54537.1,2.92387,terminal
283.48,180991,5944.96,404.763,1.27815,252.338,-35,0,2928.88,54404.6,2.93006,terminal
284.24,181242,5769.51,400.17,1.26078,252.338,-35,0,2959.49,54217,2.93886,terminal
285,181489,5596.09,395.486,1.24323,252.338,-35,0,2989.49,53974.3,2.95034,terminal
285.76,181734,5424.73,390.713,1.22552,252.338,-35,0,3019.01,53676.3,2.96455,terminal
286.52,181976,5255.46,385.851,1.20765,252.338,-35,0,3048.2,53323.2,2.98157,terminal
287.28,182214,5088.34,380.923,1.18969,252.338,-35,0,3050.46,52920.6,3.00123,terminal
288.04,182450,4923.35,376.071,1.17208,252.338,-35,0,3004.45,52509,3.0216,terminal
288.8,182683,4760.44,371.401,1.15515,252.338,-35,0,2932.05,52118.5,3.04119,terminal
289.56,182912,4599.51,366.975,1.13907,252.338,-35,0,2843.74,51769,3.05895,terminal
290.32,183140,4440.46,362.828,1.12396,252.338,-35,0,2748.09,51472.1,3.07419,terminal
291.08,183364,4283.14,358.973,1.10983,252.338,-35,0,2651.4,51233.7,3.08655,terminal
291.84,183587,4127.45,355.404,1.09667,252.338,-35,0,2557.95,51055.1,3.09588,terminal
292.6,183807,3973.25,352.108,1.08442,252.338,-35,0,2470.33,50934.7,3.1022,terminal
293.36,184025,3820.43,349.066,1.07303,252.338,-35,0,2389.97,50868.9,3.10566,terminal
294.12,184242,3668.89,346.254,1.0624,252.338,-35,0,2317.46,50853.4,3.10648,terminal
294.88,184456,3518.52,343.648,1.05246,252.338,-35,0,2252.87,50883,3.10492,terminal
295.64,184669,3369.26,341.224,1.04314,252.338,-35,0,2197.21,50952.4,3.10126,terminal
296.4,184881,3221.01,338.953,1.03432,252.338,-35,0,2151.06,51054.5,3.09591,terminal
297.16,185091,3073.73,336.811,1.02595,252.338,-35,0,2111.08,51183.5,3.08917,terminal
297.92,185301,2927.35,334.782,1.01797,252.338,-35,0,1523.05,51336.1,3.08123,terminal_boost
298.68,185516,2776.5,357.538,1.08519,250.023,-35.0185,8200.79,2222.88,59464.6,2.28626,terminal_boost
299.44,185745,2615.85,378.768,1.14741,247.63,-35.0182,8190.63,3032.78,67839.9,2.06325,terminal_boost
300.2,185987,2446.43,397.992,1.20321,245.237,-35.0149,8179.74,3557.91,76203.1,1.86787,terminal_boost
300.96,186240,2268.86,416.322,1.25597,242.844,-35.0118,8168.12,3759.63,84897.8,1.69689,terminal_boost
301.72,186505,2083.44,434.092,1.3067,240.452,-35.0094,8155.76,3979.15,94042.8,1.54607,terminal_boost
302.48,186781,1890.41,451.237,1.35522,238.059,-35.0075,8142.64,4212.77,103608,1.41307,terminal_boost
303.24,187067,1690.06,467.702,1.40137,235.666,-35.0061,8128.76,4458.09,113559,1.29559,terminal_boost
304,187363,1482.69,483.433,1.445,233.273,-35.005,8114.09,4713.29,123856,1.19161,terminal_boost
304.76,187669,1268.64,498.385,1.48598,230.881,-35.0041,8098.63,4976.88,134456,1.09941,terminal_boost
305.52,187983,1048.26,512.512,1.52421,228.488,-35.0034,8082.36,5247.51,145308,1.01749,terminal_boost
306.28,188306,821.902,525.772,1.55958,226.095,-35.0029,8065.28,5523.91,156357,0.944591,terminal_boost
307.04,188638,589.967,538.128,1.59199,223.702,-35.0025,8047.39,5804.8,167539,0.879624,terminal_boost
307.8,188976,352.851,549.543,1.62137,221.31,-35.0021,8028.67,6088.88,178789,0.821655,terminal_boost
308.56,189322,110.971,559.985,1.64766,218.917,-35.0018,8009.12,6374.85,190032,0.769877,terminal_boost
